{
  "$schema": "./node_modules/nx/schemas/nx-schema.json",
  "npmScope": "party-time",
  "tasksRunnerOptions": {
    "default": {
      "runner": "@nrwl/nx-cloud",
      "options": {
        "cacheableOperations": [
          "build",
          "lint",
          "test",
          "e2e",
          "build-storybook"
        ],
        "accessToken": "ODg1NGFlNjAtOTEyNS00NjI0LTg1ZDAtNjVhOWU4NTc3YmZmfHJlYWQtd3JpdGU=",
        "cacheDirectory": "/tmp/nx-cache"
      }
    }
  },
  "targetDefaults": {
    "build": {
      "dependsOn": ["^build"],
      "inputs": ["production", "^production"]
    },
    "test": {
      "inputs": ["default", "^production", "{workspaceRoot}/jest.preset.js"]
    },
    "e2e": {
      "inputs": ["default", "^production"]
    },
    "lint": {
      "inputs": [
        "default",
        "{workspaceRoot}/.eslintrc.json",
        "{workspaceRoot}/.eslintignore"
      ]
    },
    "build-storybook": {
      "inputs": ["default", "^production", "!{projectRoot}/.storybook/**/*"]
    }
  },
  "namedInputs": {
    "default": ["{projectRoot}/**/*", "sharedGlobals"],
    "production": [
      "default",
      "!{projectRoot}/**/?(*.)+(spec|test).[jt]s?(x)?(.snap)",
      "!{projectRoot}/tsconfig.spec.json",
      "!{projectRoot}/jest.config.[jt]s",
      "!{projectRoot}/.eslintrc.json",
      "!{projectRoot}/**/*.stories.@(js|jsx|ts|tsx|mdx)",
      "!{projectRoot}/.storybook/**/*"
    ],
    "sharedGlobals": []
  },
  "generators": {
    "@nrwl/angular:application": {
      "style": "scss",
      "linter": "eslint",
      "unitTestRunner": "jest",
      "e2eTestRunner": "cypress"
    },
    "@nrwl/angular:library": {
      "linter": "eslint",
      "unitTestRunner": "jest"
    },
    "@nrwl/angular:component": {
      "style": "scss"
    }
  },
  "plugins": ["@nxrocks/nx-spring-boot"]
}
